outcome,moderator,df,chisq,p.value
vig_perc_offensive2,vig_pos_cat,7,12.588762162486091,0.08278498302817845
vig_perc_hate2,vig_pos_cat,7,10.958837138750823,0.14042463068067454
vig_remove,vig_pos_cat,7,10.682234221021645,0.15309293745509506
vig_ban,vig_pos_cat,7,23.088949656535988,0.001644855372342685
vig_legal,vig_pos_cat,7,8.171885657400708,0.317681625719166
vig_job,vig_pos_cat,7,7.002500786053133,0.4286195227919384
